-- MySQL dump 10.13  Distrib 8.0.38, for Win64 (x86_64)
--
-- Host: 127.0.0.1    Database: webshop
-- ------------------------------------------------------
-- Server version	8.0.39

/*!40101 SET @OLD_CHARACTER_SET_CLIENT=@@CHARACTER_SET_CLIENT */;
/*!40101 SET @OLD_CHARACTER_SET_RESULTS=@@CHARACTER_SET_RESULTS */;
/*!40101 SET @OLD_COLLATION_CONNECTION=@@COLLATION_CONNECTION */;
/*!50503 SET NAMES utf8 */;
/*!40103 SET @OLD_TIME_ZONE=@@TIME_ZONE */;
/*!40103 SET TIME_ZONE='+00:00' */;
/*!40014 SET @OLD_UNIQUE_CHECKS=@@UNIQUE_CHECKS, UNIQUE_CHECKS=0 */;
/*!40014 SET @OLD_FOREIGN_KEY_CHECKS=@@FOREIGN_KEY_CHECKS, FOREIGN_KEY_CHECKS=0 */;
/*!40101 SET @OLD_SQL_MODE=@@SQL_MODE, SQL_MODE='NO_AUTO_VALUE_ON_ZERO' */;
/*!40111 SET @OLD_SQL_NOTES=@@SQL_NOTES, SQL_NOTES=0 */;

--
-- Table structure for table `cart`
--

DROP TABLE IF EXISTS `cart`;
/*!40101 SET @saved_cs_client     = @@character_set_client */;
/*!50503 SET character_set_client = utf8mb4 */;
CREATE TABLE `cart` (
  `id` int NOT NULL AUTO_INCREMENT,
  `guid` varchar(100) DEFAULT NULL,
  `created_modified_date` date DEFAULT NULL,
  `user_id` int DEFAULT NULL,
  PRIMARY KEY (`id`),
  UNIQUE KEY `guid` (`guid`)
) ENGINE=InnoDB AUTO_INCREMENT=3 DEFAULT CHARSET=utf8mb4 COLLATE=utf8mb4_0900_ai_ci;
/*!40101 SET character_set_client = @saved_cs_client */;

--
-- Dumping data for table `cart`
--

LOCK TABLES `cart` WRITE;
/*!40000 ALTER TABLE `cart` DISABLE KEYS */;
INSERT INTO `cart` VALUES (1,'db171a22-b21c-41f0-8221-78f4aae810ac','2025-03-12',1),(2,'a63823b7-9478-4f38-8790-c657422b4df4','2025-03-12',2);
/*!40000 ALTER TABLE `cart` ENABLE KEYS */;
UNLOCK TABLES;

--
-- Table structure for table `cart_items`
--

DROP TABLE IF EXISTS `cart_items`;
/*!40101 SET @saved_cs_client     = @@character_set_client */;
/*!50503 SET character_set_client = utf8mb4 */;
CREATE TABLE `cart_items` (
  `id` int NOT NULL AUTO_INCREMENT,
  `product_id` int DEFAULT NULL,
  `quantity` decimal(9,2) DEFAULT NULL,
  `cart_id` int DEFAULT NULL,
  PRIMARY KEY (`id`),
  KEY `product_id` (`product_id`),
  KEY `cart_id` (`cart_id`),
  CONSTRAINT `cart_items_ibfk_1` FOREIGN KEY (`product_id`) REFERENCES `products` (`id`),
  CONSTRAINT `cart_items_ibfk_2` FOREIGN KEY (`cart_id`) REFERENCES `cart` (`id`)
) ENGINE=InnoDB AUTO_INCREMENT=4 DEFAULT CHARSET=utf8mb4 COLLATE=utf8mb4_0900_ai_ci;
/*!40101 SET character_set_client = @saved_cs_client */;

--
-- Dumping data for table `cart_items`
--

LOCK TABLES `cart_items` WRITE;
/*!40000 ALTER TABLE `cart_items` DISABLE KEYS */;
INSERT INTO `cart_items` VALUES (1,5,2.00,1),(2,5,2.00,1),(3,4,4.00,1);
/*!40000 ALTER TABLE `cart_items` ENABLE KEYS */;
UNLOCK TABLES;

--
-- Table structure for table `categories`
--

DROP TABLE IF EXISTS `categories`;
/*!40101 SET @saved_cs_client     = @@character_set_client */;
/*!50503 SET character_set_client = utf8mb4 */;
CREATE TABLE `categories` (
  `id` int NOT NULL AUTO_INCREMENT,
  `name` varchar(50) DEFAULT NULL,
  PRIMARY KEY (`id`)
) ENGINE=InnoDB AUTO_INCREMENT=4 DEFAULT CHARSET=utf8mb4 COLLATE=utf8mb4_0900_ai_ci;
/*!40101 SET character_set_client = @saved_cs_client */;

--
-- Dumping data for table `categories`
--

LOCK TABLES `categories` WRITE;
/*!40000 ALTER TABLE `categories` DISABLE KEYS */;
INSERT INTO `categories` VALUES (1,'laptops'),(2,'monitors'),(3,'keyboards');
/*!40000 ALTER TABLE `categories` ENABLE KEYS */;
UNLOCK TABLES;

--
-- Table structure for table `product_images`
--

DROP TABLE IF EXISTS `product_images`;
/*!40101 SET @saved_cs_client     = @@character_set_client */;
/*!50503 SET character_set_client = utf8mb4 */;
CREATE TABLE `product_images` (
  `id` int NOT NULL AUTO_INCREMENT,
  `image_url` varchar(200) DEFAULT NULL,
  `product_id` int DEFAULT NULL,
  PRIMARY KEY (`id`),
  KEY `product_id` (`product_id`),
  CONSTRAINT `product_images_ibfk_1` FOREIGN KEY (`product_id`) REFERENCES `products` (`id`)
) ENGINE=InnoDB AUTO_INCREMENT=4 DEFAULT CHARSET=utf8mb4 COLLATE=utf8mb4_0900_ai_ci;
/*!40101 SET character_set_client = @saved_cs_client */;

--
-- Dumping data for table `product_images`
--

LOCK TABLES `product_images` WRITE;
/*!40000 ALTER TABLE `product_images` DISABLE KEYS */;
INSERT INTO `product_images` VALUES (1,'image1.jpg',1),(2,'image2.jpg',1),(3,'image3.jpg',1);
/*!40000 ALTER TABLE `product_images` ENABLE KEYS */;
UNLOCK TABLES;

--
-- Table structure for table `products`
--

DROP TABLE IF EXISTS `products`;
/*!40101 SET @saved_cs_client     = @@character_set_client */;
/*!50503 SET character_set_client = utf8mb4 */;
CREATE TABLE `products` (
  `id` int NOT NULL AUTO_INCREMENT,
  `name` varchar(50) DEFAULT NULL,
  `price` decimal(10,2) DEFAULT NULL,
  `stock` int DEFAULT NULL,
  `category_id` int DEFAULT NULL,
  `image_url` varchar(1024) DEFAULT NULL,
  `likes` int NOT NULL DEFAULT '0',
  `specs` varchar(1024) DEFAULT NULL,
  `warranty` int NOT NULL DEFAULT '24',
  `description` varchar(5000) DEFAULT NULL,
  PRIMARY KEY (`id`),
  KEY `category_id` (`category_id`),
  CONSTRAINT `products_ibfk_1` FOREIGN KEY (`category_id`) REFERENCES `categories` (`id`)
) ENGINE=InnoDB AUTO_INCREMENT=40 DEFAULT CHARSET=utf8mb4 COLLATE=utf8mb4_0900_ai_ci;
/*!40101 SET character_set_client = @saved_cs_client */;

--
-- Dumping data for table `products`
--

LOCK TABLES `products` WRITE;
/*!40000 ALTER TABLE `products` DISABLE KEYS */;
INSERT INTO `products` VALUES (1,'Asus ROG i5 12400f',1300.00,12,1,'image1.jpg',3,'Podnožje: Intel LGA1700;Vrsta memorije: DDR4',24,'PROCESSOR\nSupport Intel Core 14th/ 13th/ 12th Gen Processors, Intel Pentium Gold and Celeron Processors\nProcessor socket LGA1700\nCHIPSET\nIntel H610 Chipset\nMEMORY\n2x DDR4 memory slots, support up to 64GB\nSupports 1R 2133/ 2666/ 3200 MHz (by JEDEC & POR)\nSupports Dual-Channel mode\nSupports non-ECC, un-buffered memory\nEXPANSION SLOT\n1x PCIe x16 slot (From CPU)\nSupports up to PCIe 4.0 x16\n1x PCIe x1 slot (From H610 chipset)\nSupports PCIe 3.0 x1\nONBOARD GRAPHICS\n1x HDMI 1.4 with HDR port, supporting a maximum resolution of 4K 30Hz\n1x VGA port, supporting a maximum resolution of 2048x1536 50Hz, 2048x1280 60Hz, 1920x1200 60Hz\nSATA PORTS\n4x SATA 6Gb/s ports (From H610 chipset)\nM.2 SSD SLOT\n1x M.2 slot (Key M) (from CPU)\nSupports up to PCIe 3.0 x4\nSupports up to SATA 6Gb/s\nSupports 2242/ 2260/ 2280 storage devices\nAUDIO\nRealtek ALC897 Codec\n7.1-Channel High Definition Audio\nLAN\n1x Realtek RTL8111H 1Gbps LAN controller\nPOWER CONNECTORS\n1x 24-pin ATX main power connector\n1x 8-pin +12V power connector\nINTERNAL USB CONNECTORS\n1x USB 3.2 Gen 1 5Gbps connector (From H610 chipset)\nSupports additional 2 USB 3.2 Gen 1 5Gbps ports\n2x USB 2.0 Type-A connectors (From Hub-GL850G)\nSupports additional 4 USB 2.0 ports\nFAN CONNECTORS\n1x 4-pin CPU fan connector\n2x 4-pin system fan connectors\nDIMENSIONS\nM-ATX Form Factor\n23.6 cm x 20 cm'),(2,'Razer hunstman mini',130.00,20,3,'image1.jpg',2,'Podnožje: AMD AM4;Vrsta memorije: DDR4',24,'PROCESSOR\nSupport Intel Core 14th/ 13th/ 12th Gen Processors, Intel Pentium Gold and Celeron Processors\nProcessor socket LGA1700\nCHIPSET\nIntel H610 Chipset\nMEMORY\n2x DDR4 memory slots, support up to 64GB\nSupports 1R 2133/ 2666/ 3200 MHz (by JEDEC & POR)\nSupports Dual-Channel mode\nSupports non-ECC, un-buffered memory\nEXPANSION SLOT\n1x PCIe x16 slot (From CPU)\nSupports up to PCIe 4.0 x16\n1x PCIe x1 slot (From H610 chipset)\nSupports PCIe 3.0 x1\nONBOARD GRAPHICS\n1x HDMI 1.4 with HDR port, supporting a maximum resolution of 4K 30Hz\n1x VGA port, supporting a maximum resolution of 2048x1536 50Hz, 2048x1280 60Hz, 1920x1200 60Hz\nSATA PORTS\n4x SATA 6Gb/s ports (From H610 chipset)\nM.2 SSD SLOT\n1x M.2 slot (Key M) (from CPU)\nSupports up to PCIe 3.0 x4\nSupports up to SATA 6Gb/s\nSupports 2242/ 2260/ 2280 storage devices\nAUDIO\nRealtek ALC897 Codec\n7.1-Channel High Definition Audio\nLAN\n1x Realtek RTL8111H 1Gbps LAN controller\nPOWER CONNECTORS\n1x 24-pin ATX main power connector\n1x 8-pin +12V power connector\nINTERNAL USB CONNECTORS\n1x USB 3.2 Gen 1 5Gbps connector (From H610 chipset)\nSupports additional 2 USB 3.2 Gen 1 5Gbps ports\n2x USB 2.0 Type-A connectors (From Hub-GL850G)\nSupports additional 4 USB 2.0 ports\nFAN CONNECTORS\n1x 4-pin CPU fan connector\n2x 4-pin system fan connectors\nDIMENSIONS\nM-ATX Form Factor\n23.6 cm x 20 cm'),(3,'Hp Probook i3 10100f',600.00,10,1,'image1.jpg',0,'Podnožje: AMD AM5;Vrsta memorije: DDR4',24,'PROCESSOR\nSupport Intel Core 14th/ 13th/ 12th Gen Processors, Intel Pentium Gold and Celeron Processors\nProcessor socket LGA1700\nCHIPSET\nIntel H610 Chipset\nMEMORY\n2x DDR4 memory slots, support up to 64GB\nSupports 1R 2133/ 2666/ 3200 MHz (by JEDEC & POR)\nSupports Dual-Channel mode\nSupports non-ECC, un-buffered memory\nEXPANSION SLOT\n1x PCIe x16 slot (From CPU)\nSupports up to PCIe 4.0 x16\n1x PCIe x1 slot (From H610 chipset)\nSupports PCIe 3.0 x1\nONBOARD GRAPHICS\n1x HDMI 1.4 with HDR port, supporting a maximum resolution of 4K 30Hz\n1x VGA port, supporting a maximum resolution of 2048x1536 50Hz, 2048x1280 60Hz, 1920x1200 60Hz\nSATA PORTS\n4x SATA 6Gb/s ports (From H610 chipset)\nM.2 SSD SLOT\n1x M.2 slot (Key M) (from CPU)\nSupports up to PCIe 3.0 x4\nSupports up to SATA 6Gb/s\nSupports 2242/ 2260/ 2280 storage devices\nAUDIO\nRealtek ALC897 Codec\n7.1-Channel High Definition Audio\nLAN\n1x Realtek RTL8111H 1Gbps LAN controller\nPOWER CONNECTORS\n1x 24-pin ATX main power connector\n1x 8-pin +12V power connector\nINTERNAL USB CONNECTORS\n1x USB 3.2 Gen 1 5Gbps connector (From H610 chipset)\nSupports additional 2 USB 3.2 Gen 1 5Gbps ports\n2x USB 2.0 Type-A connectors (From Hub-GL850G)\nSupports additional 4 USB 2.0 ports\nFAN CONNECTORS\n1x 4-pin CPU fan connector\n2x 4-pin system fan connectors\nDIMENSIONS\nM-ATX Form Factor\n23.6 cm x 20 cm'),(4,'Asus ROG i5 12400f',1300.00,12,1,'image1.jpg',3,'Podnožje: Intel LGA1700;Vrsta memorije: DDR4',24,'PROCESSOR\nSupport Intel Core 14th/ 13th/ 12th Gen Processors, Intel Pentium Gold and Celeron Processors\nProcessor socket LGA1700\nCHIPSET\nIntel H610 Chipset\nMEMORY\n2x DDR4 memory slots, support up to 64GB\nSupports 1R 2133/ 2666/ 3200 MHz (by JEDEC & POR)\nSupports Dual-Channel mode\nSupports non-ECC, un-buffered memory\nEXPANSION SLOT\n1x PCIe x16 slot (From CPU)\nSupports up to PCIe 4.0 x16\n1x PCIe x1 slot (From H610 chipset)\nSupports PCIe 3.0 x1\nONBOARD GRAPHICS\n1x HDMI 1.4 with HDR port, supporting a maximum resolution of 4K 30Hz\n1x VGA port, supporting a maximum resolution of 2048x1536 50Hz, 2048x1280 60Hz, 1920x1200 60Hz\nSATA PORTS\n4x SATA 6Gb/s ports (From H610 chipset)\nM.2 SSD SLOT\n1x M.2 slot (Key M) (from CPU)\nSupports up to PCIe 3.0 x4\nSupports up to SATA 6Gb/s\nSupports 2242/ 2260/ 2280 storage devices\nAUDIO\nRealtek ALC897 Codec\n7.1-Channel High Definition Audio\nLAN\n1x Realtek RTL8111H 1Gbps LAN controller\nPOWER CONNECTORS\n1x 24-pin ATX main power connector\n1x 8-pin +12V power connector\nINTERNAL USB CONNECTORS\n1x USB 3.2 Gen 1 5Gbps connector (From H610 chipset)\nSupports additional 2 USB 3.2 Gen 1 5Gbps ports\n2x USB 2.0 Type-A connectors (From Hub-GL850G)\nSupports additional 4 USB 2.0 ports\nFAN CONNECTORS\n1x 4-pin CPU fan connector\n2x 4-pin system fan connectors\nDIMENSIONS\nM-ATX Form Factor\n23.6 cm x 20 cm'),(5,'Asus ROG i5 12400f',1300.00,12,1,'image1.jpg',3,'Podnožje: Intel LGA1700;Vrsta memorije: DDR4',24,'PROCESSOR\nSupport Intel Core 14th/ 13th/ 12th Gen Processors, Intel Pentium Gold and Celeron Processors\nProcessor socket LGA1700\nCHIPSET\nIntel H610 Chipset\nMEMORY\n2x DDR4 memory slots, support up to 64GB\nSupports 1R 2133/ 2666/ 3200 MHz (by JEDEC & POR)\nSupports Dual-Channel mode\nSupports non-ECC, un-buffered memory\nEXPANSION SLOT\n1x PCIe x16 slot (From CPU)\nSupports up to PCIe 4.0 x16\n1x PCIe x1 slot (From H610 chipset)\nSupports PCIe 3.0 x1\nONBOARD GRAPHICS\n1x HDMI 1.4 with HDR port, supporting a maximum resolution of 4K 30Hz\n1x VGA port, supporting a maximum resolution of 2048x1536 50Hz, 2048x1280 60Hz, 1920x1200 60Hz\nSATA PORTS\n4x SATA 6Gb/s ports (From H610 chipset)\nM.2 SSD SLOT\n1x M.2 slot (Key M) (from CPU)\nSupports up to PCIe 3.0 x4\nSupports up to SATA 6Gb/s\nSupports 2242/ 2260/ 2280 storage devices\nAUDIO\nRealtek ALC897 Codec\n7.1-Channel High Definition Audio\nLAN\n1x Realtek RTL8111H 1Gbps LAN controller\nPOWER CONNECTORS\n1x 24-pin ATX main power connector\n1x 8-pin +12V power connector\nINTERNAL USB CONNECTORS\n1x USB 3.2 Gen 1 5Gbps connector (From H610 chipset)\nSupports additional 2 USB 3.2 Gen 1 5Gbps ports\n2x USB 2.0 Type-A connectors (From Hub-GL850G)\nSupports additional 4 USB 2.0 ports\nFAN CONNECTORS\n1x 4-pin CPU fan connector\n2x 4-pin system fan connectors\nDIMENSIONS\nM-ATX Form Factor\n23.6 cm x 20 cm'),(6,'Asus ROG i5 12400f',1300.00,12,1,'image1.jpg',3,'Podnožje: Intel LGA1700;Vrsta memorije: DDR4',24,'PROCESSOR\nSupport Intel Core 14th/ 13th/ 12th Gen Processors, Intel Pentium Gold and Celeron Processors\nProcessor socket LGA1700\nCHIPSET\nIntel H610 Chipset\nMEMORY\n2x DDR4 memory slots, support up to 64GB\nSupports 1R 2133/ 2666/ 3200 MHz (by JEDEC & POR)\nSupports Dual-Channel mode\nSupports non-ECC, un-buffered memory\nEXPANSION SLOT\n1x PCIe x16 slot (From CPU)\nSupports up to PCIe 4.0 x16\n1x PCIe x1 slot (From H610 chipset)\nSupports PCIe 3.0 x1\nONBOARD GRAPHICS\n1x HDMI 1.4 with HDR port, supporting a maximum resolution of 4K 30Hz\n1x VGA port, supporting a maximum resolution of 2048x1536 50Hz, 2048x1280 60Hz, 1920x1200 60Hz\nSATA PORTS\n4x SATA 6Gb/s ports (From H610 chipset)\nM.2 SSD SLOT\n1x M.2 slot (Key M) (from CPU)\nSupports up to PCIe 3.0 x4\nSupports up to SATA 6Gb/s\nSupports 2242/ 2260/ 2280 storage devices\nAUDIO\nRealtek ALC897 Codec\n7.1-Channel High Definition Audio\nLAN\n1x Realtek RTL8111H 1Gbps LAN controller\nPOWER CONNECTORS\n1x 24-pin ATX main power connector\n1x 8-pin +12V power connector\nINTERNAL USB CONNECTORS\n1x USB 3.2 Gen 1 5Gbps connector (From H610 chipset)\nSupports additional 2 USB 3.2 Gen 1 5Gbps ports\n2x USB 2.0 Type-A connectors (From Hub-GL850G)\nSupports additional 4 USB 2.0 ports\nFAN CONNECTORS\n1x 4-pin CPU fan connector\n2x 4-pin system fan connectors\nDIMENSIONS\nM-ATX Form Factor\n23.6 cm x 20 cm'),(7,'Asus ROG i5 12400f',1300.00,12,1,'image1.jpg',3,'Podnožje: Intel LGA1700;Vrsta memorije: DDR4',24,'PROCESSOR\nSupport Intel Core 14th/ 13th/ 12th Gen Processors, Intel Pentium Gold and Celeron Processors\nProcessor socket LGA1700\nCHIPSET\nIntel H610 Chipset\nMEMORY\n2x DDR4 memory slots, support up to 64GB\nSupports 1R 2133/ 2666/ 3200 MHz (by JEDEC & POR)\nSupports Dual-Channel mode\nSupports non-ECC, un-buffered memory\nEXPANSION SLOT\n1x PCIe x16 slot (From CPU)\nSupports up to PCIe 4.0 x16\n1x PCIe x1 slot (From H610 chipset)\nSupports PCIe 3.0 x1\nONBOARD GRAPHICS\n1x HDMI 1.4 with HDR port, supporting a maximum resolution of 4K 30Hz\n1x VGA port, supporting a maximum resolution of 2048x1536 50Hz, 2048x1280 60Hz, 1920x1200 60Hz\nSATA PORTS\n4x SATA 6Gb/s ports (From H610 chipset)\nM.2 SSD SLOT\n1x M.2 slot (Key M) (from CPU)\nSupports up to PCIe 3.0 x4\nSupports up to SATA 6Gb/s\nSupports 2242/ 2260/ 2280 storage devices\nAUDIO\nRealtek ALC897 Codec\n7.1-Channel High Definition Audio\nLAN\n1x Realtek RTL8111H 1Gbps LAN controller\nPOWER CONNECTORS\n1x 24-pin ATX main power connector\n1x 8-pin +12V power connector\nINTERNAL USB CONNECTORS\n1x USB 3.2 Gen 1 5Gbps connector (From H610 chipset)\nSupports additional 2 USB 3.2 Gen 1 5Gbps ports\n2x USB 2.0 Type-A connectors (From Hub-GL850G)\nSupports additional 4 USB 2.0 ports\nFAN CONNECTORS\n1x 4-pin CPU fan connector\n2x 4-pin system fan connectors\nDIMENSIONS\nM-ATX Form Factor\n23.6 cm x 20 cm'),(8,'Asus ROG i5 12400f',1300.00,12,1,'image1.jpg',3,'Podnožje: Intel LGA1700;Vrsta memorije: DDR4',24,'PROCESSOR\nSupport Intel Core 14th/ 13th/ 12th Gen Processors, Intel Pentium Gold and Celeron Processors\nProcessor socket LGA1700\nCHIPSET\nIntel H610 Chipset\nMEMORY\n2x DDR4 memory slots, support up to 64GB\nSupports 1R 2133/ 2666/ 3200 MHz (by JEDEC & POR)\nSupports Dual-Channel mode\nSupports non-ECC, un-buffered memory\nEXPANSION SLOT\n1x PCIe x16 slot (From CPU)\nSupports up to PCIe 4.0 x16\n1x PCIe x1 slot (From H610 chipset)\nSupports PCIe 3.0 x1\nONBOARD GRAPHICS\n1x HDMI 1.4 with HDR port, supporting a maximum resolution of 4K 30Hz\n1x VGA port, supporting a maximum resolution of 2048x1536 50Hz, 2048x1280 60Hz, 1920x1200 60Hz\nSATA PORTS\n4x SATA 6Gb/s ports (From H610 chipset)\nM.2 SSD SLOT\n1x M.2 slot (Key M) (from CPU)\nSupports up to PCIe 3.0 x4\nSupports up to SATA 6Gb/s\nSupports 2242/ 2260/ 2280 storage devices\nAUDIO\nRealtek ALC897 Codec\n7.1-Channel High Definition Audio\nLAN\n1x Realtek RTL8111H 1Gbps LAN controller\nPOWER CONNECTORS\n1x 24-pin ATX main power connector\n1x 8-pin +12V power connector\nINTERNAL USB CONNECTORS\n1x USB 3.2 Gen 1 5Gbps connector (From H610 chipset)\nSupports additional 2 USB 3.2 Gen 1 5Gbps ports\n2x USB 2.0 Type-A connectors (From Hub-GL850G)\nSupports additional 4 USB 2.0 ports\nFAN CONNECTORS\n1x 4-pin CPU fan connector\n2x 4-pin system fan connectors\nDIMENSIONS\nM-ATX Form Factor\n23.6 cm x 20 cm'),(9,'Asus ROG i5 12400f',1300.00,12,1,'image1.jpg',3,'Podnožje: Intel LGA1700;Vrsta memorije: DDR4',24,'PROCESSOR\nSupport Intel Core 14th/ 13th/ 12th Gen Processors, Intel Pentium Gold and Celeron Processors\nProcessor socket LGA1700\nCHIPSET\nIntel H610 Chipset\nMEMORY\n2x DDR4 memory slots, support up to 64GB\nSupports 1R 2133/ 2666/ 3200 MHz (by JEDEC & POR)\nSupports Dual-Channel mode\nSupports non-ECC, un-buffered memory\nEXPANSION SLOT\n1x PCIe x16 slot (From CPU)\nSupports up to PCIe 4.0 x16\n1x PCIe x1 slot (From H610 chipset)\nSupports PCIe 3.0 x1\nONBOARD GRAPHICS\n1x HDMI 1.4 with HDR port, supporting a maximum resolution of 4K 30Hz\n1x VGA port, supporting a maximum resolution of 2048x1536 50Hz, 2048x1280 60Hz, 1920x1200 60Hz\nSATA PORTS\n4x SATA 6Gb/s ports (From H610 chipset)\nM.2 SSD SLOT\n1x M.2 slot (Key M) (from CPU)\nSupports up to PCIe 3.0 x4\nSupports up to SATA 6Gb/s\nSupports 2242/ 2260/ 2280 storage devices\nAUDIO\nRealtek ALC897 Codec\n7.1-Channel High Definition Audio\nLAN\n1x Realtek RTL8111H 1Gbps LAN controller\nPOWER CONNECTORS\n1x 24-pin ATX main power connector\n1x 8-pin +12V power connector\nINTERNAL USB CONNECTORS\n1x USB 3.2 Gen 1 5Gbps connector (From H610 chipset)\nSupports additional 2 USB 3.2 Gen 1 5Gbps ports\n2x USB 2.0 Type-A connectors (From Hub-GL850G)\nSupports additional 4 USB 2.0 ports\nFAN CONNECTORS\n1x 4-pin CPU fan connector\n2x 4-pin system fan connectors\nDIMENSIONS\nM-ATX Form Factor\n23.6 cm x 20 cm'),(10,'Asus ROG i5 12400f',1300.00,12,1,'image1.jpg',3,'Podnožje: Intel LGA1700;Vrsta memorije: DDR4',24,'PROCESSOR\nSupport Intel Core 14th/ 13th/ 12th Gen Processors, Intel Pentium Gold and Celeron Processors\nProcessor socket LGA1700\nCHIPSET\nIntel H610 Chipset\nMEMORY\n2x DDR4 memory slots, support up to 64GB\nSupports 1R 2133/ 2666/ 3200 MHz (by JEDEC & POR)\nSupports Dual-Channel mode\nSupports non-ECC, un-buffered memory\nEXPANSION SLOT\n1x PCIe x16 slot (From CPU)\nSupports up to PCIe 4.0 x16\n1x PCIe x1 slot (From H610 chipset)\nSupports PCIe 3.0 x1\nONBOARD GRAPHICS\n1x HDMI 1.4 with HDR port, supporting a maximum resolution of 4K 30Hz\n1x VGA port, supporting a maximum resolution of 2048x1536 50Hz, 2048x1280 60Hz, 1920x1200 60Hz\nSATA PORTS\n4x SATA 6Gb/s ports (From H610 chipset)\nM.2 SSD SLOT\n1x M.2 slot (Key M) (from CPU)\nSupports up to PCIe 3.0 x4\nSupports up to SATA 6Gb/s\nSupports 2242/ 2260/ 2280 storage devices\nAUDIO\nRealtek ALC897 Codec\n7.1-Channel High Definition Audio\nLAN\n1x Realtek RTL8111H 1Gbps LAN controller\nPOWER CONNECTORS\n1x 24-pin ATX main power connector\n1x 8-pin +12V power connector\nINTERNAL USB CONNECTORS\n1x USB 3.2 Gen 1 5Gbps connector (From H610 chipset)\nSupports additional 2 USB 3.2 Gen 1 5Gbps ports\n2x USB 2.0 Type-A connectors (From Hub-GL850G)\nSupports additional 4 USB 2.0 ports\nFAN CONNECTORS\n1x 4-pin CPU fan connector\n2x 4-pin system fan connectors\nDIMENSIONS\nM-ATX Form Factor\n23.6 cm x 20 cm'),(11,'Asus ROG i5 12400f',1300.00,12,1,'image1.jpg',3,'Podnožje: Intel LGA1700;Vrsta memorije: DDR4',24,'PROCESSOR\nSupport Intel Core 14th/ 13th/ 12th Gen Processors, Intel Pentium Gold and Celeron Processors\nProcessor socket LGA1700\nCHIPSET\nIntel H610 Chipset\nMEMORY\n2x DDR4 memory slots, support up to 64GB\nSupports 1R 2133/ 2666/ 3200 MHz (by JEDEC & POR)\nSupports Dual-Channel mode\nSupports non-ECC, un-buffered memory\nEXPANSION SLOT\n1x PCIe x16 slot (From CPU)\nSupports up to PCIe 4.0 x16\n1x PCIe x1 slot (From H610 chipset)\nSupports PCIe 3.0 x1\nONBOARD GRAPHICS\n1x HDMI 1.4 with HDR port, supporting a maximum resolution of 4K 30Hz\n1x VGA port, supporting a maximum resolution of 2048x1536 50Hz, 2048x1280 60Hz, 1920x1200 60Hz\nSATA PORTS\n4x SATA 6Gb/s ports (From H610 chipset)\nM.2 SSD SLOT\n1x M.2 slot (Key M) (from CPU)\nSupports up to PCIe 3.0 x4\nSupports up to SATA 6Gb/s\nSupports 2242/ 2260/ 2280 storage devices\nAUDIO\nRealtek ALC897 Codec\n7.1-Channel High Definition Audio\nLAN\n1x Realtek RTL8111H 1Gbps LAN controller\nPOWER CONNECTORS\n1x 24-pin ATX main power connector\n1x 8-pin +12V power connector\nINTERNAL USB CONNECTORS\n1x USB 3.2 Gen 1 5Gbps connector (From H610 chipset)\nSupports additional 2 USB 3.2 Gen 1 5Gbps ports\n2x USB 2.0 Type-A connectors (From Hub-GL850G)\nSupports additional 4 USB 2.0 ports\nFAN CONNECTORS\n1x 4-pin CPU fan connector\n2x 4-pin system fan connectors\nDIMENSIONS\nM-ATX Form Factor\n23.6 cm x 20 cm'),(12,'Asus ROG i5 12400f',1300.00,12,1,'image1.jpg',3,'Podnožje: Intel LGA1700;Vrsta memorije: DDR4',24,'PROCESSOR\nSupport Intel Core 14th/ 13th/ 12th Gen Processors, Intel Pentium Gold and Celeron Processors\nProcessor socket LGA1700\nCHIPSET\nIntel H610 Chipset\nMEMORY\n2x DDR4 memory slots, support up to 64GB\nSupports 1R 2133/ 2666/ 3200 MHz (by JEDEC & POR)\nSupports Dual-Channel mode\nSupports non-ECC, un-buffered memory\nEXPANSION SLOT\n1x PCIe x16 slot (From CPU)\nSupports up to PCIe 4.0 x16\n1x PCIe x1 slot (From H610 chipset)\nSupports PCIe 3.0 x1\nONBOARD GRAPHICS\n1x HDMI 1.4 with HDR port, supporting a maximum resolution of 4K 30Hz\n1x VGA port, supporting a maximum resolution of 2048x1536 50Hz, 2048x1280 60Hz, 1920x1200 60Hz\nSATA PORTS\n4x SATA 6Gb/s ports (From H610 chipset)\nM.2 SSD SLOT\n1x M.2 slot (Key M) (from CPU)\nSupports up to PCIe 3.0 x4\nSupports up to SATA 6Gb/s\nSupports 2242/ 2260/ 2280 storage devices\nAUDIO\nRealtek ALC897 Codec\n7.1-Channel High Definition Audio\nLAN\n1x Realtek RTL8111H 1Gbps LAN controller\nPOWER CONNECTORS\n1x 24-pin ATX main power connector\n1x 8-pin +12V power connector\nINTERNAL USB CONNECTORS\n1x USB 3.2 Gen 1 5Gbps connector (From H610 chipset)\nSupports additional 2 USB 3.2 Gen 1 5Gbps ports\n2x USB 2.0 Type-A connectors (From Hub-GL850G)\nSupports additional 4 USB 2.0 ports\nFAN CONNECTORS\n1x 4-pin CPU fan connector\n2x 4-pin system fan connectors\nDIMENSIONS\nM-ATX Form Factor\n23.6 cm x 20 cm'),(13,'Asus ROG i5 12400f',1300.00,12,1,'image1.jpg',3,'Podnožje: Intel LGA1700;Vrsta memorije: DDR4',24,'PROCESSOR\nSupport Intel Core 14th/ 13th/ 12th Gen Processors, Intel Pentium Gold and Celeron Processors\nProcessor socket LGA1700\nCHIPSET\nIntel H610 Chipset\nMEMORY\n2x DDR4 memory slots, support up to 64GB\nSupports 1R 2133/ 2666/ 3200 MHz (by JEDEC & POR)\nSupports Dual-Channel mode\nSupports non-ECC, un-buffered memory\nEXPANSION SLOT\n1x PCIe x16 slot (From CPU)\nSupports up to PCIe 4.0 x16\n1x PCIe x1 slot (From H610 chipset)\nSupports PCIe 3.0 x1\nONBOARD GRAPHICS\n1x HDMI 1.4 with HDR port, supporting a maximum resolution of 4K 30Hz\n1x VGA port, supporting a maximum resolution of 2048x1536 50Hz, 2048x1280 60Hz, 1920x1200 60Hz\nSATA PORTS\n4x SATA 6Gb/s ports (From H610 chipset)\nM.2 SSD SLOT\n1x M.2 slot (Key M) (from CPU)\nSupports up to PCIe 3.0 x4\nSupports up to SATA 6Gb/s\nSupports 2242/ 2260/ 2280 storage devices\nAUDIO\nRealtek ALC897 Codec\n7.1-Channel High Definition Audio\nLAN\n1x Realtek RTL8111H 1Gbps LAN controller\nPOWER CONNECTORS\n1x 24-pin ATX main power connector\n1x 8-pin +12V power connector\nINTERNAL USB CONNECTORS\n1x USB 3.2 Gen 1 5Gbps connector (From H610 chipset)\nSupports additional 2 USB 3.2 Gen 1 5Gbps ports\n2x USB 2.0 Type-A connectors (From Hub-GL850G)\nSupports additional 4 USB 2.0 ports\nFAN CONNECTORS\n1x 4-pin CPU fan connector\n2x 4-pin system fan connectors\nDIMENSIONS\nM-ATX Form Factor\n23.6 cm x 20 cm'),(14,'Asus ROG i5 12400f',1300.00,12,1,'image1.jpg',3,'Podnožje: Intel LGA1700;Vrsta memorije: DDR4',24,'PROCESSOR\nSupport Intel Core 14th/ 13th/ 12th Gen Processors, Intel Pentium Gold and Celeron Processors\nProcessor socket LGA1700\nCHIPSET\nIntel H610 Chipset\nMEMORY\n2x DDR4 memory slots, support up to 64GB\nSupports 1R 2133/ 2666/ 3200 MHz (by JEDEC & POR)\nSupports Dual-Channel mode\nSupports non-ECC, un-buffered memory\nEXPANSION SLOT\n1x PCIe x16 slot (From CPU)\nSupports up to PCIe 4.0 x16\n1x PCIe x1 slot (From H610 chipset)\nSupports PCIe 3.0 x1\nONBOARD GRAPHICS\n1x HDMI 1.4 with HDR port, supporting a maximum resolution of 4K 30Hz\n1x VGA port, supporting a maximum resolution of 2048x1536 50Hz, 2048x1280 60Hz, 1920x1200 60Hz\nSATA PORTS\n4x SATA 6Gb/s ports (From H610 chipset)\nM.2 SSD SLOT\n1x M.2 slot (Key M) (from CPU)\nSupports up to PCIe 3.0 x4\nSupports up to SATA 6Gb/s\nSupports 2242/ 2260/ 2280 storage devices\nAUDIO\nRealtek ALC897 Codec\n7.1-Channel High Definition Audio\nLAN\n1x Realtek RTL8111H 1Gbps LAN controller\nPOWER CONNECTORS\n1x 24-pin ATX main power connector\n1x 8-pin +12V power connector\nINTERNAL USB CONNECTORS\n1x USB 3.2 Gen 1 5Gbps connector (From H610 chipset)\nSupports additional 2 USB 3.2 Gen 1 5Gbps ports\n2x USB 2.0 Type-A connectors (From Hub-GL850G)\nSupports additional 4 USB 2.0 ports\nFAN CONNECTORS\n1x 4-pin CPU fan connector\n2x 4-pin system fan connectors\nDIMENSIONS\nM-ATX Form Factor\n23.6 cm x 20 cm'),(15,'Asus ROG i5 12400f',1300.00,12,1,'image1.jpg',3,'Podnožje: Intel LGA1700;Vrsta memorije: DDR4',24,'PROCESSOR\nSupport Intel Core 14th/ 13th/ 12th Gen Processors, Intel Pentium Gold and Celeron Processors\nProcessor socket LGA1700\nCHIPSET\nIntel H610 Chipset\nMEMORY\n2x DDR4 memory slots, support up to 64GB\nSupports 1R 2133/ 2666/ 3200 MHz (by JEDEC & POR)\nSupports Dual-Channel mode\nSupports non-ECC, un-buffered memory\nEXPANSION SLOT\n1x PCIe x16 slot (From CPU)\nSupports up to PCIe 4.0 x16\n1x PCIe x1 slot (From H610 chipset)\nSupports PCIe 3.0 x1\nONBOARD GRAPHICS\n1x HDMI 1.4 with HDR port, supporting a maximum resolution of 4K 30Hz\n1x VGA port, supporting a maximum resolution of 2048x1536 50Hz, 2048x1280 60Hz, 1920x1200 60Hz\nSATA PORTS\n4x SATA 6Gb/s ports (From H610 chipset)\nM.2 SSD SLOT\n1x M.2 slot (Key M) (from CPU)\nSupports up to PCIe 3.0 x4\nSupports up to SATA 6Gb/s\nSupports 2242/ 2260/ 2280 storage devices\nAUDIO\nRealtek ALC897 Codec\n7.1-Channel High Definition Audio\nLAN\n1x Realtek RTL8111H 1Gbps LAN controller\nPOWER CONNECTORS\n1x 24-pin ATX main power connector\n1x 8-pin +12V power connector\nINTERNAL USB CONNECTORS\n1x USB 3.2 Gen 1 5Gbps connector (From H610 chipset)\nSupports additional 2 USB 3.2 Gen 1 5Gbps ports\n2x USB 2.0 Type-A connectors (From Hub-GL850G)\nSupports additional 4 USB 2.0 ports\nFAN CONNECTORS\n1x 4-pin CPU fan connector\n2x 4-pin system fan connectors\nDIMENSIONS\nM-ATX Form Factor\n23.6 cm x 20 cm'),(16,'Asus ROG i5 12400f',1300.00,12,1,'image1.jpg',3,'Podnožje: Intel LGA1700;Vrsta memorije: DDR4',24,'PROCESSOR\nSupport Intel Core 14th/ 13th/ 12th Gen Processors, Intel Pentium Gold and Celeron Processors\nProcessor socket LGA1700\nCHIPSET\nIntel H610 Chipset\nMEMORY\n2x DDR4 memory slots, support up to 64GB\nSupports 1R 2133/ 2666/ 3200 MHz (by JEDEC & POR)\nSupports Dual-Channel mode\nSupports non-ECC, un-buffered memory\nEXPANSION SLOT\n1x PCIe x16 slot (From CPU)\nSupports up to PCIe 4.0 x16\n1x PCIe x1 slot (From H610 chipset)\nSupports PCIe 3.0 x1\nONBOARD GRAPHICS\n1x HDMI 1.4 with HDR port, supporting a maximum resolution of 4K 30Hz\n1x VGA port, supporting a maximum resolution of 2048x1536 50Hz, 2048x1280 60Hz, 1920x1200 60Hz\nSATA PORTS\n4x SATA 6Gb/s ports (From H610 chipset)\nM.2 SSD SLOT\n1x M.2 slot (Key M) (from CPU)\nSupports up to PCIe 3.0 x4\nSupports up to SATA 6Gb/s\nSupports 2242/ 2260/ 2280 storage devices\nAUDIO\nRealtek ALC897 Codec\n7.1-Channel High Definition Audio\nLAN\n1x Realtek RTL8111H 1Gbps LAN controller\nPOWER CONNECTORS\n1x 24-pin ATX main power connector\n1x 8-pin +12V power connector\nINTERNAL USB CONNECTORS\n1x USB 3.2 Gen 1 5Gbps connector (From H610 chipset)\nSupports additional 2 USB 3.2 Gen 1 5Gbps ports\n2x USB 2.0 Type-A connectors (From Hub-GL850G)\nSupports additional 4 USB 2.0 ports\nFAN CONNECTORS\n1x 4-pin CPU fan connector\n2x 4-pin system fan connectors\nDIMENSIONS\nM-ATX Form Factor\n23.6 cm x 20 cm'),(17,'Asus ROG i5 12400f',1300.00,12,1,'image1.jpg',3,'Podnožje: Intel LGA1700;Vrsta memorije: DDR4',24,'PROCESSOR\nSupport Intel Core 14th/ 13th/ 12th Gen Processors, Intel Pentium Gold and Celeron Processors\nProcessor socket LGA1700\nCHIPSET\nIntel H610 Chipset\nMEMORY\n2x DDR4 memory slots, support up to 64GB\nSupports 1R 2133/ 2666/ 3200 MHz (by JEDEC & POR)\nSupports Dual-Channel mode\nSupports non-ECC, un-buffered memory\nEXPANSION SLOT\n1x PCIe x16 slot (From CPU)\nSupports up to PCIe 4.0 x16\n1x PCIe x1 slot (From H610 chipset)\nSupports PCIe 3.0 x1\nONBOARD GRAPHICS\n1x HDMI 1.4 with HDR port, supporting a maximum resolution of 4K 30Hz\n1x VGA port, supporting a maximum resolution of 2048x1536 50Hz, 2048x1280 60Hz, 1920x1200 60Hz\nSATA PORTS\n4x SATA 6Gb/s ports (From H610 chipset)\nM.2 SSD SLOT\n1x M.2 slot (Key M) (from CPU)\nSupports up to PCIe 3.0 x4\nSupports up to SATA 6Gb/s\nSupports 2242/ 2260/ 2280 storage devices\nAUDIO\nRealtek ALC897 Codec\n7.1-Channel High Definition Audio\nLAN\n1x Realtek RTL8111H 1Gbps LAN controller\nPOWER CONNECTORS\n1x 24-pin ATX main power connector\n1x 8-pin +12V power connector\nINTERNAL USB CONNECTORS\n1x USB 3.2 Gen 1 5Gbps connector (From H610 chipset)\nSupports additional 2 USB 3.2 Gen 1 5Gbps ports\n2x USB 2.0 Type-A connectors (From Hub-GL850G)\nSupports additional 4 USB 2.0 ports\nFAN CONNECTORS\n1x 4-pin CPU fan connector\n2x 4-pin system fan connectors\nDIMENSIONS\nM-ATX Form Factor\n23.6 cm x 20 cm'),(18,'Asus ROG i5 12400f',1300.00,12,1,'image1.jpg',3,'Podnožje: Intel LGA1700;Vrsta memorije: DDR4',24,'PROCESSOR\nSupport Intel Core 14th/ 13th/ 12th Gen Processors, Intel Pentium Gold and Celeron Processors\nProcessor socket LGA1700\nCHIPSET\nIntel H610 Chipset\nMEMORY\n2x DDR4 memory slots, support up to 64GB\nSupports 1R 2133/ 2666/ 3200 MHz (by JEDEC & POR)\nSupports Dual-Channel mode\nSupports non-ECC, un-buffered memory\nEXPANSION SLOT\n1x PCIe x16 slot (From CPU)\nSupports up to PCIe 4.0 x16\n1x PCIe x1 slot (From H610 chipset)\nSupports PCIe 3.0 x1\nONBOARD GRAPHICS\n1x HDMI 1.4 with HDR port, supporting a maximum resolution of 4K 30Hz\n1x VGA port, supporting a maximum resolution of 2048x1536 50Hz, 2048x1280 60Hz, 1920x1200 60Hz\nSATA PORTS\n4x SATA 6Gb/s ports (From H610 chipset)\nM.2 SSD SLOT\n1x M.2 slot (Key M) (from CPU)\nSupports up to PCIe 3.0 x4\nSupports up to SATA 6Gb/s\nSupports 2242/ 2260/ 2280 storage devices\nAUDIO\nRealtek ALC897 Codec\n7.1-Channel High Definition Audio\nLAN\n1x Realtek RTL8111H 1Gbps LAN controller\nPOWER CONNECTORS\n1x 24-pin ATX main power connector\n1x 8-pin +12V power connector\nINTERNAL USB CONNECTORS\n1x USB 3.2 Gen 1 5Gbps connector (From H610 chipset)\nSupports additional 2 USB 3.2 Gen 1 5Gbps ports\n2x USB 2.0 Type-A connectors (From Hub-GL850G)\nSupports additional 4 USB 2.0 ports\nFAN CONNECTORS\n1x 4-pin CPU fan connector\n2x 4-pin system fan connectors\nDIMENSIONS\nM-ATX Form Factor\n23.6 cm x 20 cm'),(19,'Asus ROG i5 12400f',1300.00,12,1,'image1.jpg',3,'Podnožje: Intel LGA1700;Vrsta memorije: DDR4',24,'PROCESSOR\nSupport Intel Core 14th/ 13th/ 12th Gen Processors, Intel Pentium Gold and Celeron Processors\nProcessor socket LGA1700\nCHIPSET\nIntel H610 Chipset\nMEMORY\n2x DDR4 memory slots, support up to 64GB\nSupports 1R 2133/ 2666/ 3200 MHz (by JEDEC & POR)\nSupports Dual-Channel mode\nSupports non-ECC, un-buffered memory\nEXPANSION SLOT\n1x PCIe x16 slot (From CPU)\nSupports up to PCIe 4.0 x16\n1x PCIe x1 slot (From H610 chipset)\nSupports PCIe 3.0 x1\nONBOARD GRAPHICS\n1x HDMI 1.4 with HDR port, supporting a maximum resolution of 4K 30Hz\n1x VGA port, supporting a maximum resolution of 2048x1536 50Hz, 2048x1280 60Hz, 1920x1200 60Hz\nSATA PORTS\n4x SATA 6Gb/s ports (From H610 chipset)\nM.2 SSD SLOT\n1x M.2 slot (Key M) (from CPU)\nSupports up to PCIe 3.0 x4\nSupports up to SATA 6Gb/s\nSupports 2242/ 2260/ 2280 storage devices\nAUDIO\nRealtek ALC897 Codec\n7.1-Channel High Definition Audio\nLAN\n1x Realtek RTL8111H 1Gbps LAN controller\nPOWER CONNECTORS\n1x 24-pin ATX main power connector\n1x 8-pin +12V power connector\nINTERNAL USB CONNECTORS\n1x USB 3.2 Gen 1 5Gbps connector (From H610 chipset)\nSupports additional 2 USB 3.2 Gen 1 5Gbps ports\n2x USB 2.0 Type-A connectors (From Hub-GL850G)\nSupports additional 4 USB 2.0 ports\nFAN CONNECTORS\n1x 4-pin CPU fan connector\n2x 4-pin system fan connectors\nDIMENSIONS\nM-ATX Form Factor\n23.6 cm x 20 cm'),(20,'Asus ROG i5 12400f',1300.00,12,1,'image1.jpg',3,'Podnožje: Intel LGA1700;Vrsta memorije: DDR4',24,'PROCESSOR\nSupport Intel Core 14th/ 13th/ 12th Gen Processors, Intel Pentium Gold and Celeron Processors\nProcessor socket LGA1700\nCHIPSET\nIntel H610 Chipset\nMEMORY\n2x DDR4 memory slots, support up to 64GB\nSupports 1R 2133/ 2666/ 3200 MHz (by JEDEC & POR)\nSupports Dual-Channel mode\nSupports non-ECC, un-buffered memory\nEXPANSION SLOT\n1x PCIe x16 slot (From CPU)\nSupports up to PCIe 4.0 x16\n1x PCIe x1 slot (From H610 chipset)\nSupports PCIe 3.0 x1\nONBOARD GRAPHICS\n1x HDMI 1.4 with HDR port, supporting a maximum resolution of 4K 30Hz\n1x VGA port, supporting a maximum resolution of 2048x1536 50Hz, 2048x1280 60Hz, 1920x1200 60Hz\nSATA PORTS\n4x SATA 6Gb/s ports (From H610 chipset)\nM.2 SSD SLOT\n1x M.2 slot (Key M) (from CPU)\nSupports up to PCIe 3.0 x4\nSupports up to SATA 6Gb/s\nSupports 2242/ 2260/ 2280 storage devices\nAUDIO\nRealtek ALC897 Codec\n7.1-Channel High Definition Audio\nLAN\n1x Realtek RTL8111H 1Gbps LAN controller\nPOWER CONNECTORS\n1x 24-pin ATX main power connector\n1x 8-pin +12V power connector\nINTERNAL USB CONNECTORS\n1x USB 3.2 Gen 1 5Gbps connector (From H610 chipset)\nSupports additional 2 USB 3.2 Gen 1 5Gbps ports\n2x USB 2.0 Type-A connectors (From Hub-GL850G)\nSupports additional 4 USB 2.0 ports\nFAN CONNECTORS\n1x 4-pin CPU fan connector\n2x 4-pin system fan connectors\nDIMENSIONS\nM-ATX Form Factor\n23.6 cm x 20 cm'),(21,'Asus ROG i5 12400f',1300.00,12,1,'image1.jpg',3,'Podnožje: Intel LGA1700;Vrsta memorije: DDR4',24,'PROCESSOR\nSupport Intel Core 14th/ 13th/ 12th Gen Processors, Intel Pentium Gold and Celeron Processors\nProcessor socket LGA1700\nCHIPSET\nIntel H610 Chipset\nMEMORY\n2x DDR4 memory slots, support up to 64GB\nSupports 1R 2133/ 2666/ 3200 MHz (by JEDEC & POR)\nSupports Dual-Channel mode\nSupports non-ECC, un-buffered memory\nEXPANSION SLOT\n1x PCIe x16 slot (From CPU)\nSupports up to PCIe 4.0 x16\n1x PCIe x1 slot (From H610 chipset)\nSupports PCIe 3.0 x1\nONBOARD GRAPHICS\n1x HDMI 1.4 with HDR port, supporting a maximum resolution of 4K 30Hz\n1x VGA port, supporting a maximum resolution of 2048x1536 50Hz, 2048x1280 60Hz, 1920x1200 60Hz\nSATA PORTS\n4x SATA 6Gb/s ports (From H610 chipset)\nM.2 SSD SLOT\n1x M.2 slot (Key M) (from CPU)\nSupports up to PCIe 3.0 x4\nSupports up to SATA 6Gb/s\nSupports 2242/ 2260/ 2280 storage devices\nAUDIO\nRealtek ALC897 Codec\n7.1-Channel High Definition Audio\nLAN\n1x Realtek RTL8111H 1Gbps LAN controller\nPOWER CONNECTORS\n1x 24-pin ATX main power connector\n1x 8-pin +12V power connector\nINTERNAL USB CONNECTORS\n1x USB 3.2 Gen 1 5Gbps connector (From H610 chipset)\nSupports additional 2 USB 3.2 Gen 1 5Gbps ports\n2x USB 2.0 Type-A connectors (From Hub-GL850G)\nSupports additional 4 USB 2.0 ports\nFAN CONNECTORS\n1x 4-pin CPU fan connector\n2x 4-pin system fan connectors\nDIMENSIONS\nM-ATX Form Factor\n23.6 cm x 20 cm'),(22,'Asus ROG i5 12400f',1300.00,12,1,'image1.jpg',3,'Podnožje: Intel LGA1700;Vrsta memorije: DDR4',24,'PROCESSOR\nSupport Intel Core 14th/ 13th/ 12th Gen Processors, Intel Pentium Gold and Celeron Processors\nProcessor socket LGA1700\nCHIPSET\nIntel H610 Chipset\nMEMORY\n2x DDR4 memory slots, support up to 64GB\nSupports 1R 2133/ 2666/ 3200 MHz (by JEDEC & POR)\nSupports Dual-Channel mode\nSupports non-ECC, un-buffered memory\nEXPANSION SLOT\n1x PCIe x16 slot (From CPU)\nSupports up to PCIe 4.0 x16\n1x PCIe x1 slot (From H610 chipset)\nSupports PCIe 3.0 x1\nONBOARD GRAPHICS\n1x HDMI 1.4 with HDR port, supporting a maximum resolution of 4K 30Hz\n1x VGA port, supporting a maximum resolution of 2048x1536 50Hz, 2048x1280 60Hz, 1920x1200 60Hz\nSATA PORTS\n4x SATA 6Gb/s ports (From H610 chipset)\nM.2 SSD SLOT\n1x M.2 slot (Key M) (from CPU)\nSupports up to PCIe 3.0 x4\nSupports up to SATA 6Gb/s\nSupports 2242/ 2260/ 2280 storage devices\nAUDIO\nRealtek ALC897 Codec\n7.1-Channel High Definition Audio\nLAN\n1x Realtek RTL8111H 1Gbps LAN controller\nPOWER CONNECTORS\n1x 24-pin ATX main power connector\n1x 8-pin +12V power connector\nINTERNAL USB CONNECTORS\n1x USB 3.2 Gen 1 5Gbps connector (From H610 chipset)\nSupports additional 2 USB 3.2 Gen 1 5Gbps ports\n2x USB 2.0 Type-A connectors (From Hub-GL850G)\nSupports additional 4 USB 2.0 ports\nFAN CONNECTORS\n1x 4-pin CPU fan connector\n2x 4-pin system fan connectors\nDIMENSIONS\nM-ATX Form Factor\n23.6 cm x 20 cm'),(23,'Asus ROG i5 12400f',1300.00,12,1,'image1.jpg',3,'Podnožje: Intel LGA1700;Vrsta memorije: DDR4',24,'PROCESSOR\nSupport Intel Core 14th/ 13th/ 12th Gen Processors, Intel Pentium Gold and Celeron Processors\nProcessor socket LGA1700\nCHIPSET\nIntel H610 Chipset\nMEMORY\n2x DDR4 memory slots, support up to 64GB\nSupports 1R 2133/ 2666/ 3200 MHz (by JEDEC & POR)\nSupports Dual-Channel mode\nSupports non-ECC, un-buffered memory\nEXPANSION SLOT\n1x PCIe x16 slot (From CPU)\nSupports up to PCIe 4.0 x16\n1x PCIe x1 slot (From H610 chipset)\nSupports PCIe 3.0 x1\nONBOARD GRAPHICS\n1x HDMI 1.4 with HDR port, supporting a maximum resolution of 4K 30Hz\n1x VGA port, supporting a maximum resolution of 2048x1536 50Hz, 2048x1280 60Hz, 1920x1200 60Hz\nSATA PORTS\n4x SATA 6Gb/s ports (From H610 chipset)\nM.2 SSD SLOT\n1x M.2 slot (Key M) (from CPU)\nSupports up to PCIe 3.0 x4\nSupports up to SATA 6Gb/s\nSupports 2242/ 2260/ 2280 storage devices\nAUDIO\nRealtek ALC897 Codec\n7.1-Channel High Definition Audio\nLAN\n1x Realtek RTL8111H 1Gbps LAN controller\nPOWER CONNECTORS\n1x 24-pin ATX main power connector\n1x 8-pin +12V power connector\nINTERNAL USB CONNECTORS\n1x USB 3.2 Gen 1 5Gbps connector (From H610 chipset)\nSupports additional 2 USB 3.2 Gen 1 5Gbps ports\n2x USB 2.0 Type-A connectors (From Hub-GL850G)\nSupports additional 4 USB 2.0 ports\nFAN CONNECTORS\n1x 4-pin CPU fan connector\n2x 4-pin system fan connectors\nDIMENSIONS\nM-ATX Form Factor\n23.6 cm x 20 cm'),(24,'Asus ROG i5 12400f',1300.00,12,1,'image1.jpg',3,'Podnožje: Intel LGA1700;Vrsta memorije: DDR4',24,'PROCESSOR\nSupport Intel Core 14th/ 13th/ 12th Gen Processors, Intel Pentium Gold and Celeron Processors\nProcessor socket LGA1700\nCHIPSET\nIntel H610 Chipset\nMEMORY\n2x DDR4 memory slots, support up to 64GB\nSupports 1R 2133/ 2666/ 3200 MHz (by JEDEC & POR)\nSupports Dual-Channel mode\nSupports non-ECC, un-buffered memory\nEXPANSION SLOT\n1x PCIe x16 slot (From CPU)\nSupports up to PCIe 4.0 x16\n1x PCIe x1 slot (From H610 chipset)\nSupports PCIe 3.0 x1\nONBOARD GRAPHICS\n1x HDMI 1.4 with HDR port, supporting a maximum resolution of 4K 30Hz\n1x VGA port, supporting a maximum resolution of 2048x1536 50Hz, 2048x1280 60Hz, 1920x1200 60Hz\nSATA PORTS\n4x SATA 6Gb/s ports (From H610 chipset)\nM.2 SSD SLOT\n1x M.2 slot (Key M) (from CPU)\nSupports up to PCIe 3.0 x4\nSupports up to SATA 6Gb/s\nSupports 2242/ 2260/ 2280 storage devices\nAUDIO\nRealtek ALC897 Codec\n7.1-Channel High Definition Audio\nLAN\n1x Realtek RTL8111H 1Gbps LAN controller\nPOWER CONNECTORS\n1x 24-pin ATX main power connector\n1x 8-pin +12V power connector\nINTERNAL USB CONNECTORS\n1x USB 3.2 Gen 1 5Gbps connector (From H610 chipset)\nSupports additional 2 USB 3.2 Gen 1 5Gbps ports\n2x USB 2.0 Type-A connectors (From Hub-GL850G)\nSupports additional 4 USB 2.0 ports\nFAN CONNECTORS\n1x 4-pin CPU fan connector\n2x 4-pin system fan connectors\nDIMENSIONS\nM-ATX Form Factor\n23.6 cm x 20 cm'),(25,'Asus ROG i5 12400f',1300.00,12,1,'image1.jpg',3,'Podnožje: Intel LGA1700;Vrsta memorije: DDR4',24,'PROCESSOR\nSupport Intel Core 14th/ 13th/ 12th Gen Processors, Intel Pentium Gold and Celeron Processors\nProcessor socket LGA1700\nCHIPSET\nIntel H610 Chipset\nMEMORY\n2x DDR4 memory slots, support up to 64GB\nSupports 1R 2133/ 2666/ 3200 MHz (by JEDEC & POR)\nSupports Dual-Channel mode\nSupports non-ECC, un-buffered memory\nEXPANSION SLOT\n1x PCIe x16 slot (From CPU)\nSupports up to PCIe 4.0 x16\n1x PCIe x1 slot (From H610 chipset)\nSupports PCIe 3.0 x1\nONBOARD GRAPHICS\n1x HDMI 1.4 with HDR port, supporting a maximum resolution of 4K 30Hz\n1x VGA port, supporting a maximum resolution of 2048x1536 50Hz, 2048x1280 60Hz, 1920x1200 60Hz\nSATA PORTS\n4x SATA 6Gb/s ports (From H610 chipset)\nM.2 SSD SLOT\n1x M.2 slot (Key M) (from CPU)\nSupports up to PCIe 3.0 x4\nSupports up to SATA 6Gb/s\nSupports 2242/ 2260/ 2280 storage devices\nAUDIO\nRealtek ALC897 Codec\n7.1-Channel High Definition Audio\nLAN\n1x Realtek RTL8111H 1Gbps LAN controller\nPOWER CONNECTORS\n1x 24-pin ATX main power connector\n1x 8-pin +12V power connector\nINTERNAL USB CONNECTORS\n1x USB 3.2 Gen 1 5Gbps connector (From H610 chipset)\nSupports additional 2 USB 3.2 Gen 1 5Gbps ports\n2x USB 2.0 Type-A connectors (From Hub-GL850G)\nSupports additional 4 USB 2.0 ports\nFAN CONNECTORS\n1x 4-pin CPU fan connector\n2x 4-pin system fan connectors\nDIMENSIONS\nM-ATX Form Factor\n23.6 cm x 20 cm'),(26,'Asus ROG i5 12400f',1300.00,12,1,'image1.jpg',3,'Podnožje: Intel LGA1700;Vrsta memorije: DDR4',24,'PROCESSOR\nSupport Intel Core 14th/ 13th/ 12th Gen Processors, Intel Pentium Gold and Celeron Processors\nProcessor socket LGA1700\nCHIPSET\nIntel H610 Chipset\nMEMORY\n2x DDR4 memory slots, support up to 64GB\nSupports 1R 2133/ 2666/ 3200 MHz (by JEDEC & POR)\nSupports Dual-Channel mode\nSupports non-ECC, un-buffered memory\nEXPANSION SLOT\n1x PCIe x16 slot (From CPU)\nSupports up to PCIe 4.0 x16\n1x PCIe x1 slot (From H610 chipset)\nSupports PCIe 3.0 x1\nONBOARD GRAPHICS\n1x HDMI 1.4 with HDR port, supporting a maximum resolution of 4K 30Hz\n1x VGA port, supporting a maximum resolution of 2048x1536 50Hz, 2048x1280 60Hz, 1920x1200 60Hz\nSATA PORTS\n4x SATA 6Gb/s ports (From H610 chipset)\nM.2 SSD SLOT\n1x M.2 slot (Key M) (from CPU)\nSupports up to PCIe 3.0 x4\nSupports up to SATA 6Gb/s\nSupports 2242/ 2260/ 2280 storage devices\nAUDIO\nRealtek ALC897 Codec\n7.1-Channel High Definition Audio\nLAN\n1x Realtek RTL8111H 1Gbps LAN controller\nPOWER CONNECTORS\n1x 24-pin ATX main power connector\n1x 8-pin +12V power connector\nINTERNAL USB CONNECTORS\n1x USB 3.2 Gen 1 5Gbps connector (From H610 chipset)\nSupports additional 2 USB 3.2 Gen 1 5Gbps ports\n2x USB 2.0 Type-A connectors (From Hub-GL850G)\nSupports additional 4 USB 2.0 ports\nFAN CONNECTORS\n1x 4-pin CPU fan connector\n2x 4-pin system fan connectors\nDIMENSIONS\nM-ATX Form Factor\n23.6 cm x 20 cm'),(27,'Asus ROG i5 12400f',1300.00,12,1,'image1.jpg',3,'Podnožje: Intel LGA1700;Vrsta memorije: DDR4',24,'PROCESSOR\nSupport Intel Core 14th/ 13th/ 12th Gen Processors, Intel Pentium Gold and Celeron Processors\nProcessor socket LGA1700\nCHIPSET\nIntel H610 Chipset\nMEMORY\n2x DDR4 memory slots, support up to 64GB\nSupports 1R 2133/ 2666/ 3200 MHz (by JEDEC & POR)\nSupports Dual-Channel mode\nSupports non-ECC, un-buffered memory\nEXPANSION SLOT\n1x PCIe x16 slot (From CPU)\nSupports up to PCIe 4.0 x16\n1x PCIe x1 slot (From H610 chipset)\nSupports PCIe 3.0 x1\nONBOARD GRAPHICS\n1x HDMI 1.4 with HDR port, supporting a maximum resolution of 4K 30Hz\n1x VGA port, supporting a maximum resolution of 2048x1536 50Hz, 2048x1280 60Hz, 1920x1200 60Hz\nSATA PORTS\n4x SATA 6Gb/s ports (From H610 chipset)\nM.2 SSD SLOT\n1x M.2 slot (Key M) (from CPU)\nSupports up to PCIe 3.0 x4\nSupports up to SATA 6Gb/s\nSupports 2242/ 2260/ 2280 storage devices\nAUDIO\nRealtek ALC897 Codec\n7.1-Channel High Definition Audio\nLAN\n1x Realtek RTL8111H 1Gbps LAN controller\nPOWER CONNECTORS\n1x 24-pin ATX main power connector\n1x 8-pin +12V power connector\nINTERNAL USB CONNECTORS\n1x USB 3.2 Gen 1 5Gbps connector (From H610 chipset)\nSupports additional 2 USB 3.2 Gen 1 5Gbps ports\n2x USB 2.0 Type-A connectors (From Hub-GL850G)\nSupports additional 4 USB 2.0 ports\nFAN CONNECTORS\n1x 4-pin CPU fan connector\n2x 4-pin system fan connectors\nDIMENSIONS\nM-ATX Form Factor\n23.6 cm x 20 cm'),(28,'Asus ROG i5 12400f',1300.00,12,1,'image1.jpg',3,'Podnožje: Intel LGA1700;Vrsta memorije: DDR4',24,'PROCESSOR\nSupport Intel Core 14th/ 13th/ 12th Gen Processors, Intel Pentium Gold and Celeron Processors\nProcessor socket LGA1700\nCHIPSET\nIntel H610 Chipset\nMEMORY\n2x DDR4 memory slots, support up to 64GB\nSupports 1R 2133/ 2666/ 3200 MHz (by JEDEC & POR)\nSupports Dual-Channel mode\nSupports non-ECC, un-buffered memory\nEXPANSION SLOT\n1x PCIe x16 slot (From CPU)\nSupports up to PCIe 4.0 x16\n1x PCIe x1 slot (From H610 chipset)\nSupports PCIe 3.0 x1\nONBOARD GRAPHICS\n1x HDMI 1.4 with HDR port, supporting a maximum resolution of 4K 30Hz\n1x VGA port, supporting a maximum resolution of 2048x1536 50Hz, 2048x1280 60Hz, 1920x1200 60Hz\nSATA PORTS\n4x SATA 6Gb/s ports (From H610 chipset)\nM.2 SSD SLOT\n1x M.2 slot (Key M) (from CPU)\nSupports up to PCIe 3.0 x4\nSupports up to SATA 6Gb/s\nSupports 2242/ 2260/ 2280 storage devices\nAUDIO\nRealtek ALC897 Codec\n7.1-Channel High Definition Audio\nLAN\n1x Realtek RTL8111H 1Gbps LAN controller\nPOWER CONNECTORS\n1x 24-pin ATX main power connector\n1x 8-pin +12V power connector\nINTERNAL USB CONNECTORS\n1x USB 3.2 Gen 1 5Gbps connector (From H610 chipset)\nSupports additional 2 USB 3.2 Gen 1 5Gbps ports\n2x USB 2.0 Type-A connectors (From Hub-GL850G)\nSupports additional 4 USB 2.0 ports\nFAN CONNECTORS\n1x 4-pin CPU fan connector\n2x 4-pin system fan connectors\nDIMENSIONS\nM-ATX Form Factor\n23.6 cm x 20 cm'),(29,'Asus ROG i5 12400f',1300.00,12,1,'image1.jpg',3,'Podnožje: Intel LGA1700;Vrsta memorije: DDR4',24,'PROCESSOR\nSupport Intel Core 14th/ 13th/ 12th Gen Processors, Intel Pentium Gold and Celeron Processors\nProcessor socket LGA1700\nCHIPSET\nIntel H610 Chipset\nMEMORY\n2x DDR4 memory slots, support up to 64GB\nSupports 1R 2133/ 2666/ 3200 MHz (by JEDEC & POR)\nSupports Dual-Channel mode\nSupports non-ECC, un-buffered memory\nEXPANSION SLOT\n1x PCIe x16 slot (From CPU)\nSupports up to PCIe 4.0 x16\n1x PCIe x1 slot (From H610 chipset)\nSupports PCIe 3.0 x1\nONBOARD GRAPHICS\n1x HDMI 1.4 with HDR port, supporting a maximum resolution of 4K 30Hz\n1x VGA port, supporting a maximum resolution of 2048x1536 50Hz, 2048x1280 60Hz, 1920x1200 60Hz\nSATA PORTS\n4x SATA 6Gb/s ports (From H610 chipset)\nM.2 SSD SLOT\n1x M.2 slot (Key M) (from CPU)\nSupports up to PCIe 3.0 x4\nSupports up to SATA 6Gb/s\nSupports 2242/ 2260/ 2280 storage devices\nAUDIO\nRealtek ALC897 Codec\n7.1-Channel High Definition Audio\nLAN\n1x Realtek RTL8111H 1Gbps LAN controller\nPOWER CONNECTORS\n1x 24-pin ATX main power connector\n1x 8-pin +12V power connector\nINTERNAL USB CONNECTORS\n1x USB 3.2 Gen 1 5Gbps connector (From H610 chipset)\nSupports additional 2 USB 3.2 Gen 1 5Gbps ports\n2x USB 2.0 Type-A connectors (From Hub-GL850G)\nSupports additional 4 USB 2.0 ports\nFAN CONNECTORS\n1x 4-pin CPU fan connector\n2x 4-pin system fan connectors\nDIMENSIONS\nM-ATX Form Factor\n23.6 cm x 20 cm'),(30,'Asus ROG i5 12400f',1300.00,12,1,'image1.jpg',3,'Podnožje: Intel LGA1700;Vrsta memorije: DDR4',24,'PROCESSOR\nSupport Intel Core 14th/ 13th/ 12th Gen Processors, Intel Pentium Gold and Celeron Processors\nProcessor socket LGA1700\nCHIPSET\nIntel H610 Chipset\nMEMORY\n2x DDR4 memory slots, support up to 64GB\nSupports 1R 2133/ 2666/ 3200 MHz (by JEDEC & POR)\nSupports Dual-Channel mode\nSupports non-ECC, un-buffered memory\nEXPANSION SLOT\n1x PCIe x16 slot (From CPU)\nSupports up to PCIe 4.0 x16\n1x PCIe x1 slot (From H610 chipset)\nSupports PCIe 3.0 x1\nONBOARD GRAPHICS\n1x HDMI 1.4 with HDR port, supporting a maximum resolution of 4K 30Hz\n1x VGA port, supporting a maximum resolution of 2048x1536 50Hz, 2048x1280 60Hz, 1920x1200 60Hz\nSATA PORTS\n4x SATA 6Gb/s ports (From H610 chipset)\nM.2 SSD SLOT\n1x M.2 slot (Key M) (from CPU)\nSupports up to PCIe 3.0 x4\nSupports up to SATA 6Gb/s\nSupports 2242/ 2260/ 2280 storage devices\nAUDIO\nRealtek ALC897 Codec\n7.1-Channel High Definition Audio\nLAN\n1x Realtek RTL8111H 1Gbps LAN controller\nPOWER CONNECTORS\n1x 24-pin ATX main power connector\n1x 8-pin +12V power connector\nINTERNAL USB CONNECTORS\n1x USB 3.2 Gen 1 5Gbps connector (From H610 chipset)\nSupports additional 2 USB 3.2 Gen 1 5Gbps ports\n2x USB 2.0 Type-A connectors (From Hub-GL850G)\nSupports additional 4 USB 2.0 ports\nFAN CONNECTORS\n1x 4-pin CPU fan connector\n2x 4-pin system fan connectors\nDIMENSIONS\nM-ATX Form Factor\n23.6 cm x 20 cm'),(31,'Asus ROG i5 12400f',1300.00,12,1,'image1.jpg',3,'Podnožje: Intel LGA1700;Vrsta memorije: DDR4',24,'PROCESSOR\nSupport Intel Core 14th/ 13th/ 12th Gen Processors, Intel Pentium Gold and Celeron Processors\nProcessor socket LGA1700\nCHIPSET\nIntel H610 Chipset\nMEMORY\n2x DDR4 memory slots, support up to 64GB\nSupports 1R 2133/ 2666/ 3200 MHz (by JEDEC & POR)\nSupports Dual-Channel mode\nSupports non-ECC, un-buffered memory\nEXPANSION SLOT\n1x PCIe x16 slot (From CPU)\nSupports up to PCIe 4.0 x16\n1x PCIe x1 slot (From H610 chipset)\nSupports PCIe 3.0 x1\nONBOARD GRAPHICS\n1x HDMI 1.4 with HDR port, supporting a maximum resolution of 4K 30Hz\n1x VGA port, supporting a maximum resolution of 2048x1536 50Hz, 2048x1280 60Hz, 1920x1200 60Hz\nSATA PORTS\n4x SATA 6Gb/s ports (From H610 chipset)\nM.2 SSD SLOT\n1x M.2 slot (Key M) (from CPU)\nSupports up to PCIe 3.0 x4\nSupports up to SATA 6Gb/s\nSupports 2242/ 2260/ 2280 storage devices\nAUDIO\nRealtek ALC897 Codec\n7.1-Channel High Definition Audio\nLAN\n1x Realtek RTL8111H 1Gbps LAN controller\nPOWER CONNECTORS\n1x 24-pin ATX main power connector\n1x 8-pin +12V power connector\nINTERNAL USB CONNECTORS\n1x USB 3.2 Gen 1 5Gbps connector (From H610 chipset)\nSupports additional 2 USB 3.2 Gen 1 5Gbps ports\n2x USB 2.0 Type-A connectors (From Hub-GL850G)\nSupports additional 4 USB 2.0 ports\nFAN CONNECTORS\n1x 4-pin CPU fan connector\n2x 4-pin system fan connectors\nDIMENSIONS\nM-ATX Form Factor\n23.6 cm x 20 cm'),(32,'Asus ROG i5 12400f',1300.00,12,1,'image1.jpg',3,'Podnožje: Intel LGA1700;Vrsta memorije: DDR4',24,'PROCESSOR\nSupport Intel Core 14th/ 13th/ 12th Gen Processors, Intel Pentium Gold and Celeron Processors\nProcessor socket LGA1700\nCHIPSET\nIntel H610 Chipset\nMEMORY\n2x DDR4 memory slots, support up to 64GB\nSupports 1R 2133/ 2666/ 3200 MHz (by JEDEC & POR)\nSupports Dual-Channel mode\nSupports non-ECC, un-buffered memory\nEXPANSION SLOT\n1x PCIe x16 slot (From CPU)\nSupports up to PCIe 4.0 x16\n1x PCIe x1 slot (From H610 chipset)\nSupports PCIe 3.0 x1\nONBOARD GRAPHICS\n1x HDMI 1.4 with HDR port, supporting a maximum resolution of 4K 30Hz\n1x VGA port, supporting a maximum resolution of 2048x1536 50Hz, 2048x1280 60Hz, 1920x1200 60Hz\nSATA PORTS\n4x SATA 6Gb/s ports (From H610 chipset)\nM.2 SSD SLOT\n1x M.2 slot (Key M) (from CPU)\nSupports up to PCIe 3.0 x4\nSupports up to SATA 6Gb/s\nSupports 2242/ 2260/ 2280 storage devices\nAUDIO\nRealtek ALC897 Codec\n7.1-Channel High Definition Audio\nLAN\n1x Realtek RTL8111H 1Gbps LAN controller\nPOWER CONNECTORS\n1x 24-pin ATX main power connector\n1x 8-pin +12V power connector\nINTERNAL USB CONNECTORS\n1x USB 3.2 Gen 1 5Gbps connector (From H610 chipset)\nSupports additional 2 USB 3.2 Gen 1 5Gbps ports\n2x USB 2.0 Type-A connectors (From Hub-GL850G)\nSupports additional 4 USB 2.0 ports\nFAN CONNECTORS\n1x 4-pin CPU fan connector\n2x 4-pin system fan connectors\nDIMENSIONS\nM-ATX Form Factor\n23.6 cm x 20 cm'),(33,'Asus ROG i5 12400f',1300.00,12,1,'image1.jpg',3,'Podnožje: Intel LGA1700;Vrsta memorije: DDR4',24,'PROCESSOR\nSupport Intel Core 14th/ 13th/ 12th Gen Processors, Intel Pentium Gold and Celeron Processors\nProcessor socket LGA1700\nCHIPSET\nIntel H610 Chipset\nMEMORY\n2x DDR4 memory slots, support up to 64GB\nSupports 1R 2133/ 2666/ 3200 MHz (by JEDEC & POR)\nSupports Dual-Channel mode\nSupports non-ECC, un-buffered memory\nEXPANSION SLOT\n1x PCIe x16 slot (From CPU)\nSupports up to PCIe 4.0 x16\n1x PCIe x1 slot (From H610 chipset)\nSupports PCIe 3.0 x1\nONBOARD GRAPHICS\n1x HDMI 1.4 with HDR port, supporting a maximum resolution of 4K 30Hz\n1x VGA port, supporting a maximum resolution of 2048x1536 50Hz, 2048x1280 60Hz, 1920x1200 60Hz\nSATA PORTS\n4x SATA 6Gb/s ports (From H610 chipset)\nM.2 SSD SLOT\n1x M.2 slot (Key M) (from CPU)\nSupports up to PCIe 3.0 x4\nSupports up to SATA 6Gb/s\nSupports 2242/ 2260/ 2280 storage devices\nAUDIO\nRealtek ALC897 Codec\n7.1-Channel High Definition Audio\nLAN\n1x Realtek RTL8111H 1Gbps LAN controller\nPOWER CONNECTORS\n1x 24-pin ATX main power connector\n1x 8-pin +12V power connector\nINTERNAL USB CONNECTORS\n1x USB 3.2 Gen 1 5Gbps connector (From H610 chipset)\nSupports additional 2 USB 3.2 Gen 1 5Gbps ports\n2x USB 2.0 Type-A connectors (From Hub-GL850G)\nSupports additional 4 USB 2.0 ports\nFAN CONNECTORS\n1x 4-pin CPU fan connector\n2x 4-pin system fan connectors\nDIMENSIONS\nM-ATX Form Factor\n23.6 cm x 20 cm'),(34,'Asus ROG i5 12400f',1300.00,12,1,'image1.jpg',3,'Podnožje: Intel LGA1700;Vrsta memorije: DDR4',24,'PROCESSOR\nSupport Intel Core 14th/ 13th/ 12th Gen Processors, Intel Pentium Gold and Celeron Processors\nProcessor socket LGA1700\nCHIPSET\nIntel H610 Chipset\nMEMORY\n2x DDR4 memory slots, support up to 64GB\nSupports 1R 2133/ 2666/ 3200 MHz (by JEDEC & POR)\nSupports Dual-Channel mode\nSupports non-ECC, un-buffered memory\nEXPANSION SLOT\n1x PCIe x16 slot (From CPU)\nSupports up to PCIe 4.0 x16\n1x PCIe x1 slot (From H610 chipset)\nSupports PCIe 3.0 x1\nONBOARD GRAPHICS\n1x HDMI 1.4 with HDR port, supporting a maximum resolution of 4K 30Hz\n1x VGA port, supporting a maximum resolution of 2048x1536 50Hz, 2048x1280 60Hz, 1920x1200 60Hz\nSATA PORTS\n4x SATA 6Gb/s ports (From H610 chipset)\nM.2 SSD SLOT\n1x M.2 slot (Key M) (from CPU)\nSupports up to PCIe 3.0 x4\nSupports up to SATA 6Gb/s\nSupports 2242/ 2260/ 2280 storage devices\nAUDIO\nRealtek ALC897 Codec\n7.1-Channel High Definition Audio\nLAN\n1x Realtek RTL8111H 1Gbps LAN controller\nPOWER CONNECTORS\n1x 24-pin ATX main power connector\n1x 8-pin +12V power connector\nINTERNAL USB CONNECTORS\n1x USB 3.2 Gen 1 5Gbps connector (From H610 chipset)\nSupports additional 2 USB 3.2 Gen 1 5Gbps ports\n2x USB 2.0 Type-A connectors (From Hub-GL850G)\nSupports additional 4 USB 2.0 ports\nFAN CONNECTORS\n1x 4-pin CPU fan connector\n2x 4-pin system fan connectors\nDIMENSIONS\nM-ATX Form Factor\n23.6 cm x 20 cm'),(35,'Asus ROG i5 12400f',1300.00,12,1,'image1.jpg',3,'Podnožje: Intel LGA1700;Vrsta memorije: DDR4',24,'PROCESSOR\nSupport Intel Core 14th/ 13th/ 12th Gen Processors, Intel Pentium Gold and Celeron Processors\nProcessor socket LGA1700\nCHIPSET\nIntel H610 Chipset\nMEMORY\n2x DDR4 memory slots, support up to 64GB\nSupports 1R 2133/ 2666/ 3200 MHz (by JEDEC & POR)\nSupports Dual-Channel mode\nSupports non-ECC, un-buffered memory\nEXPANSION SLOT\n1x PCIe x16 slot (From CPU)\nSupports up to PCIe 4.0 x16\n1x PCIe x1 slot (From H610 chipset)\nSupports PCIe 3.0 x1\nONBOARD GRAPHICS\n1x HDMI 1.4 with HDR port, supporting a maximum resolution of 4K 30Hz\n1x VGA port, supporting a maximum resolution of 2048x1536 50Hz, 2048x1280 60Hz, 1920x1200 60Hz\nSATA PORTS\n4x SATA 6Gb/s ports (From H610 chipset)\nM.2 SSD SLOT\n1x M.2 slot (Key M) (from CPU)\nSupports up to PCIe 3.0 x4\nSupports up to SATA 6Gb/s\nSupports 2242/ 2260/ 2280 storage devices\nAUDIO\nRealtek ALC897 Codec\n7.1-Channel High Definition Audio\nLAN\n1x Realtek RTL8111H 1Gbps LAN controller\nPOWER CONNECTORS\n1x 24-pin ATX main power connector\n1x 8-pin +12V power connector\nINTERNAL USB CONNECTORS\n1x USB 3.2 Gen 1 5Gbps connector (From H610 chipset)\nSupports additional 2 USB 3.2 Gen 1 5Gbps ports\n2x USB 2.0 Type-A connectors (From Hub-GL850G)\nSupports additional 4 USB 2.0 ports\nFAN CONNECTORS\n1x 4-pin CPU fan connector\n2x 4-pin system fan connectors\nDIMENSIONS\nM-ATX Form Factor\n23.6 cm x 20 cm'),(36,'Asus ROG i5 12400f',1300.00,12,1,'image1.jpg',3,'Podnožje: Intel LGA1700;Vrsta memorije: DDR4',24,'PROCESSOR\nSupport Intel Core 14th/ 13th/ 12th Gen Processors, Intel Pentium Gold and Celeron Processors\nProcessor socket LGA1700\nCHIPSET\nIntel H610 Chipset\nMEMORY\n2x DDR4 memory slots, support up to 64GB\nSupports 1R 2133/ 2666/ 3200 MHz (by JEDEC & POR)\nSupports Dual-Channel mode\nSupports non-ECC, un-buffered memory\nEXPANSION SLOT\n1x PCIe x16 slot (From CPU)\nSupports up to PCIe 4.0 x16\n1x PCIe x1 slot (From H610 chipset)\nSupports PCIe 3.0 x1\nONBOARD GRAPHICS\n1x HDMI 1.4 with HDR port, supporting a maximum resolution of 4K 30Hz\n1x VGA port, supporting a maximum resolution of 2048x1536 50Hz, 2048x1280 60Hz, 1920x1200 60Hz\nSATA PORTS\n4x SATA 6Gb/s ports (From H610 chipset)\nM.2 SSD SLOT\n1x M.2 slot (Key M) (from CPU)\nSupports up to PCIe 3.0 x4\nSupports up to SATA 6Gb/s\nSupports 2242/ 2260/ 2280 storage devices\nAUDIO\nRealtek ALC897 Codec\n7.1-Channel High Definition Audio\nLAN\n1x Realtek RTL8111H 1Gbps LAN controller\nPOWER CONNECTORS\n1x 24-pin ATX main power connector\n1x 8-pin +12V power connector\nINTERNAL USB CONNECTORS\n1x USB 3.2 Gen 1 5Gbps connector (From H610 chipset)\nSupports additional 2 USB 3.2 Gen 1 5Gbps ports\n2x USB 2.0 Type-A connectors (From Hub-GL850G)\nSupports additional 4 USB 2.0 ports\nFAN CONNECTORS\n1x 4-pin CPU fan connector\n2x 4-pin system fan connectors\nDIMENSIONS\nM-ATX Form Factor\n23.6 cm x 20 cm'),(37,'Asus ROG i5 12400f',1300.00,12,1,'image1.jpg',3,'Podnožje: Intel LGA1700;Vrsta memorije: DDR4',24,'PROCESSOR\nSupport Intel Core 14th/ 13th/ 12th Gen Processors, Intel Pentium Gold and Celeron Processors\nProcessor socket LGA1700\nCHIPSET\nIntel H610 Chipset\nMEMORY\n2x DDR4 memory slots, support up to 64GB\nSupports 1R 2133/ 2666/ 3200 MHz (by JEDEC & POR)\nSupports Dual-Channel mode\nSupports non-ECC, un-buffered memory\nEXPANSION SLOT\n1x PCIe x16 slot (From CPU)\nSupports up to PCIe 4.0 x16\n1x PCIe x1 slot (From H610 chipset)\nSupports PCIe 3.0 x1\nONBOARD GRAPHICS\n1x HDMI 1.4 with HDR port, supporting a maximum resolution of 4K 30Hz\n1x VGA port, supporting a maximum resolution of 2048x1536 50Hz, 2048x1280 60Hz, 1920x1200 60Hz\nSATA PORTS\n4x SATA 6Gb/s ports (From H610 chipset)\nM.2 SSD SLOT\n1x M.2 slot (Key M) (from CPU)\nSupports up to PCIe 3.0 x4\nSupports up to SATA 6Gb/s\nSupports 2242/ 2260/ 2280 storage devices\nAUDIO\nRealtek ALC897 Codec\n7.1-Channel High Definition Audio\nLAN\n1x Realtek RTL8111H 1Gbps LAN controller\nPOWER CONNECTORS\n1x 24-pin ATX main power connector\n1x 8-pin +12V power connector\nINTERNAL USB CONNECTORS\n1x USB 3.2 Gen 1 5Gbps connector (From H610 chipset)\nSupports additional 2 USB 3.2 Gen 1 5Gbps ports\n2x USB 2.0 Type-A connectors (From Hub-GL850G)\nSupports additional 4 USB 2.0 ports\nFAN CONNECTORS\n1x 4-pin CPU fan connector\n2x 4-pin system fan connectors\nDIMENSIONS\nM-ATX Form Factor\n23.6 cm x 20 cm'),(38,'Asus ROG i5 12400f',1300.00,12,1,'image1.jpg',3,'Podnožje: Intel LGA1700;Vrsta memorije: DDR4',24,'PROCESSOR\nSupport Intel Core 14th/ 13th/ 12th Gen Processors, Intel Pentium Gold and Celeron Processors\nProcessor socket LGA1700\nCHIPSET\nIntel H610 Chipset\nMEMORY\n2x DDR4 memory slots, support up to 64GB\nSupports 1R 2133/ 2666/ 3200 MHz (by JEDEC & POR)\nSupports Dual-Channel mode\nSupports non-ECC, un-buffered memory\nEXPANSION SLOT\n1x PCIe x16 slot (From CPU)\nSupports up to PCIe 4.0 x16\n1x PCIe x1 slot (From H610 chipset)\nSupports PCIe 3.0 x1\nONBOARD GRAPHICS\n1x HDMI 1.4 with HDR port, supporting a maximum resolution of 4K 30Hz\n1x VGA port, supporting a maximum resolution of 2048x1536 50Hz, 2048x1280 60Hz, 1920x1200 60Hz\nSATA PORTS\n4x SATA 6Gb/s ports (From H610 chipset)\nM.2 SSD SLOT\n1x M.2 slot (Key M) (from CPU)\nSupports up to PCIe 3.0 x4\nSupports up to SATA 6Gb/s\nSupports 2242/ 2260/ 2280 storage devices\nAUDIO\nRealtek ALC897 Codec\n7.1-Channel High Definition Audio\nLAN\n1x Realtek RTL8111H 1Gbps LAN controller\nPOWER CONNECTORS\n1x 24-pin ATX main power connector\n1x 8-pin +12V power connector\nINTERNAL USB CONNECTORS\n1x USB 3.2 Gen 1 5Gbps connector (From H610 chipset)\nSupports additional 2 USB 3.2 Gen 1 5Gbps ports\n2x USB 2.0 Type-A connectors (From Hub-GL850G)\nSupports additional 4 USB 2.0 ports\nFAN CONNECTORS\n1x 4-pin CPU fan connector\n2x 4-pin system fan connectors\nDIMENSIONS\nM-ATX Form Factor\n23.6 cm x 20 cm'),(39,'Asus ROG i5 12400f',1300.00,12,1,'image1.jpg',3,'Podnožje: Intel LGA1700;Vrsta memorije: DDR4',24,'PROCESSOR\nSupport Intel Core 14th/ 13th/ 12th Gen Processors, Intel Pentium Gold and Celeron Processors\nProcessor socket LGA1700\nCHIPSET\nIntel H610 Chipset\nMEMORY\n2x DDR4 memory slots, support up to 64GB\nSupports 1R 2133/ 2666/ 3200 MHz (by JEDEC & POR)\nSupports Dual-Channel mode\nSupports non-ECC, un-buffered memory\nEXPANSION SLOT\n1x PCIe x16 slot (From CPU)\nSupports up to PCIe 4.0 x16\n1x PCIe x1 slot (From H610 chipset)\nSupports PCIe 3.0 x1\nONBOARD GRAPHICS\n1x HDMI 1.4 with HDR port, supporting a maximum resolution of 4K 30Hz\n1x VGA port, supporting a maximum resolution of 2048x1536 50Hz, 2048x1280 60Hz, 1920x1200 60Hz\nSATA PORTS\n4x SATA 6Gb/s ports (From H610 chipset)\nM.2 SSD SLOT\n1x M.2 slot (Key M) (from CPU)\nSupports up to PCIe 3.0 x4\nSupports up to SATA 6Gb/s\nSupports 2242/ 2260/ 2280 storage devices\nAUDIO\nRealtek ALC897 Codec\n7.1-Channel High Definition Audio\nLAN\n1x Realtek RTL8111H 1Gbps LAN controller\nPOWER CONNECTORS\n1x 24-pin ATX main power connector\n1x 8-pin +12V power connector\nINTERNAL USB CONNECTORS\n1x USB 3.2 Gen 1 5Gbps connector (From H610 chipset)\nSupports additional 2 USB 3.2 Gen 1 5Gbps ports\n2x USB 2.0 Type-A connectors (From Hub-GL850G)\nSupports additional 4 USB 2.0 ports\nFAN CONNECTORS\n1x 4-pin CPU fan connector\n2x 4-pin system fan connectors\nDIMENSIONS\nM-ATX Form Factor\n23.6 cm x 20 cm');
/*!40000 ALTER TABLE `products` ENABLE KEYS */;
UNLOCK TABLES;
/*!40103 SET TIME_ZONE=@OLD_TIME_ZONE */;

/*!40101 SET SQL_MODE=@OLD_SQL_MODE */;
/*!40014 SET FOREIGN_KEY_CHECKS=@OLD_FOREIGN_KEY_CHECKS */;
/*!40014 SET UNIQUE_CHECKS=@OLD_UNIQUE_CHECKS */;
/*!40101 SET CHARACTER_SET_CLIENT=@OLD_CHARACTER_SET_CLIENT */;
/*!40101 SET CHARACTER_SET_RESULTS=@OLD_CHARACTER_SET_RESULTS */;
/*!40101 SET COLLATION_CONNECTION=@OLD_COLLATION_CONNECTION */;
/*!40111 SET SQL_NOTES=@OLD_SQL_NOTES */;

-- Dump completed on 2025-03-14 12:29:14
